mhcsequence_H2-Db,1515
mhcsequence_H2-Ld,1417
mhcsequence_H2-Dd,1271
mhcsequence_H2-Kb,1278
mhcsequence_E*01:01,1053
mhcsequence_E*01:03,1054
mhcsequence_G*01:06,1056
mhcsequence_G*01:04,1060
mhcsequence_G*01:03,1063
mhcsequence_G*01:01,1062
mhcsequence_G*01:02,1058
mhcsequence_A*02:01,1090
mhcsequence_A*02:06,1091
mhcsequence_A*68:01,1072
mhcsequence_A*68:02,1070
mhcsequence_A*25:01,1079
mhcsequence_A*26:01,1081
mhcsequence_A*29:02,1084
mhcsequence_A*32:01,1080
mhcsequence_A*74:01,1085
mhcsequence_A*31:01,1077
mhcsequence_A*33:03,1084
mhcsequence_A*23:01,1076
mhcsequence_A*24:02,1077
mhcsequence_A*01:01,1061
mhcsequence_A*30:01,1090
mhcsequence_A*30:02,1082
mhcsequence_A*03:01,1094
mhcsequence_A*11:01,1098
mhcsequence_C*17:01,1092
mhcsequence_C*07:01,1097
mhcsequence_C*07:02,1108
mhcsequence_C*07:04,1104
mhcsequence_C*04:01,1109
mhcsequence_C*03:02,1118
mhcsequence_C*03:03,1113
mhcsequence_C*03:04,1121
mhcsequence_C*01:02,1116
mhcsequence_C*14:02,1116
mhcsequence_C*15:02,1091
mhcsequence_C*08:01,1120
mhcsequence_C*05:01,1109
mhcsequence_C*08:02,1118
mhcsequence_C*02:02,1106
mhcsequence_C*06:02,1117
mhcsequence_C*16:01,1113
mhcsequence_C*12:02,1123
mhcsequence_C*12:03,1120
mhcsequence_B*44:05,1068
mhcsequence_B*44:02,1062
mhcsequence_B*44:03,1064
mhcsequence_B*13:01,1077
mhcsequence_B*13:02,1077
mhcsequence_B*49:01,1081
mhcsequence_B*50:01,1100
mhcsequence_B*57:01,1056
mhcsequence_B*58:01,1067
mhcsequence_B*58:02,1072
mhcsequence_B*51:01,1064
mhcsequence_B*52:01,1072
mhcsequence_B*53:01,1067
mhcsequence_B*35:01,1086
mhcsequence_B*35:03,1094
mhcsequence_B*27:04,1091
mhcsequence_B*27:06,1096
mhcsequence_B*27:02,1085
mhcsequence_B*27:05,1092
mhcsequence_B*27:09,1094
mhcsequence_B*46:01,1106
mhcsequence_B*15:01,1096
mhcsequence_B*15:02,1085
mhcsequence_B*15:25,1090
mhcsequence_B*55:01,1091
mhcsequence_B*56:01,1090
mhcsequence_B*48:01,1088
mhcsequence_B*40:01,1087
mhcsequence_B*40:02,1111
mhcsequence_B*37:01,1110
mhcsequence_B*07:02,1099
mhcsequence_B*08:01,1097
mhcsequence_B*18:01,1095
mhcsequence_B*38:01,1084
mhcsequence_B*14:02,1100
mhcsequence_B*39:01,1097
